Name,URL,Price,Rating
"2018 Dell Inspiron 15 5000 Flagship Premium 15.6"" Full HD Touchscreen Backlit Keyboard Laptop, Intel Core i5-8250U Quad-Core, 12GB DDR4, 1TB HDD, DVD-RW, Bluetooth 4.2, Windows 10, Black",/Dell-Inspiron-5000-Touchscreen-Quad-Core/dp/B07DNVVRPV/ref=sr_1_3?keywords=dell+laptop&qid=1564682823&s=gateway&sr=8-3,"588
.",3.9 out of 5 stars
Dell Inspiron 15.6” Touch Screen Intel Core i3 128GB Solid State Drive Laptop,/Dell-Inspiron-Touch-Screen-Laptop/dp/B07KVFTVHX/ref=sr_1_4?keywords=dell+laptop&qid=1564682823&s=gateway&sr=8-4,"378
.",4.0 out of 5 stars
"2019_Dell Inspiron 15.6"" HD High Performance Laptop, Intel Celeron Processor,4GB DDR4 RAM, 500GB Hard Drive, Wireless+Bluetooth,HDMI,DVD R/W, Windows 10",/2019_Dell-Inspiron-Performance-Processor-Bluetooth/dp/B07NXTKWMX/ref=sr_1_5?keywords=dell+laptop&qid=1564682823&s=gateway&sr=8-5,"326
.",
"Dell Inspiron 15-5570 15.6in FHD Touchscreen Laptop PC - Intel Core i3-8130U 2.2GHz, 12GB, 1TB HDD, DVDRW, Webcam, Bluetooth, Intel UHD 620 Graphics, Windows 10 Home (Renewed)",/Dell-Inspiron-15-5570-Touchscreen-Laptop/dp/B07GBD8BHF/ref=sr_1_6?keywords=dell+laptop&qid=1564682823&s=gateway&sr=8-6,"374
.",
"Dell Inspiron 15 Intel Core i3-7130U 8GB 1TB HDD 15.6"" HD LED Windows 10 Laptop",/Dell-Inspiron-i3-7130U-Windows-Laptop/dp/B07GKZJ8CX/ref=sr_1_7?keywords=dell+laptop&qid=1564682823&s=gateway&sr=8-7,,3.8 out of 5 stars
"2019 Premium Flagship Dell Inspiron 15 5000 15.6 Inch FHD Touchscreen Laptop (AMD Ryzen 5 2500U up to 3.6GHz (>i7-7500U), 8GB RAM, 1TB HDD, AMD Radeo Vega 8, Backlit Keyboard, WiFi, Windows 10)",/Flagship-Dell-Inspiron-Touchscreen-i7-7500U/dp/B07SWW9QYB/ref=sr_1_8?keywords=dell+laptop&qid=1564682823&s=gateway&sr=8-8,"525
.",
"2018 Dell Inspiron 15 5000 15.6 inch Full HD Touchscreen Backlit Keyboard Laptop PC, Intel Core i5-8250U Quad-Core, 8GB DDR4, 1TB HDD, Bluetooth 4.2, WiFi, Windows 10 dell i5570-4364slv-pus",/Dell-Inspiron-Keyboard-Quad-Core-Bluetooth/dp/B077T46GLP/ref=sr_1_9?keywords=dell+laptop&qid=1564682823&s=gateway&sr=8-9,"517
.",
"Dell Inspiron 14 5485 i5485-A186SLV-PUS Laptop (Windows 10 Home, AMD Ryzen(Tm) 3 3200U, 14"" LED Screen, Storage: 128 GB, RAM: 4 GB) Silver",/Dell-Inspiron-i5485-A186SLV-PUS-Windows-Storage/dp/B07QB4W11Z/ref=sr_1_10?keywords=dell+laptop&qid=1564682823&s=gateway&sr=8-10,"479
.",4.1 out of 5 stars
"2019 Dell Inspiron 15 5000 5570 Intel Core i7-8550U 12 GB DDR4 1TB HDD 15.6"" Full HD Touchscreen LED Silver Laptop",/Dell-Inspiron-i7-8550U-Touchscreen-Silver/dp/B07ML5ZVZY/ref=sr_1_13?keywords=dell+laptop&qid=1564682823&s=gateway&sr=8-13,"694
.",
Dell Inspiron 15.6 inch HD Touchscreen Flagship High Performance Laptop PC | Intel Core i5-7200U | 8GB RAM | 256GB SSD | Bluetooth | WIFI | Windows 10 (Black),/Dell-Inspiron-Touchscreen-Performance-Bluetooth/dp/B079ZJLMJN/ref=sr_1_14?keywords=dell+laptop&qid=1564682823&s=gateway&sr=8-14,,3.8 out of 5 stars
"Newest Dell Inspiron 15 5000 Flagship Premium 15.6"" Full HD Touchscreen Backlit Keyboard Laptop, Intel Core i5-8250U Quad-Core, 12GB DDR4, 1TB HDD, DVD-RW, Bluetooth 4.2, Windows 10, Blue",/Dell-Inspiron-5000-Touchscreen-Quad-Core/dp/B07DMMJ78X/ref=sr_1_15?keywords=dell+laptop&qid=1564682823&s=gateway&sr=8-15,"597
.",
"Dell Latitude E7440 14.1in HD Business Laptop Computer, Intel Core i5-4200U up to 2.6GHz, 8GB RAM, 128GB SSD, USB 3.0, Bluetooth 4.0, HDMI, WiFi, Windows 10 Professional (Renewed)",/Dell-Latitude-E7440-Bluetooth-Professional/dp/B075Q5FFSX/ref=sr_1_16?keywords=dell+laptop&qid=1564682823&s=gateway&sr=8-16,"244
.",
"Dell M4800 15.6in FHD Ultrapowerful Mobile Workstation Business Laptop Computer, Intel Core i7-4900MQ 3.8Ghz, 16GB RAM, 500GB HDD, WiFi AC, NVIDIA Quadro K2100M, Windows 10 Pro (Renewed)",/Dell-M4800-Ultrapowerful-Workstation-Refurbished/dp/B07HKBDFQX/ref=sr_1_17?keywords=dell+laptop&qid=1564682823&s=gateway&sr=8-17,"459
.",
"2018 Newest Premium Dell Inspiron 15.6-inch HD Display Laptop PC, 7th Gen AMD A6-9220 2.5GHz Processor, 4GB DDR4, 500GB HDD, WiFi, HDMI, Webcam, MaxxAudio, Bluetooth, DVD-RW, Windows 10-Black",/Dell-Inspiron-15-6-inch-Processor-MaxxAudio/dp/B07BVZRVPF/ref=sr_1_18?keywords=dell+laptop&qid=1564682823&s=gateway&sr=8-18,"276
.",
"Dell - Inspiron 15.6"" Laptop - Intel Core i3 - 8GB Memory - 1TB Hard Drive - Black",/Dell-Inspiron-Laptop-Intel-Memory/dp/B078YD9V3X/ref=sr_1_19?keywords=dell+laptop&qid=1564682823&s=gateway&sr=8-19,"375
.",
"Newest_Dell Vostro Real Business(Better Design Than Inspiron) 15.6"" FHD Laptop-Intel Core i5, 8GB RAM, 256GB SSD, HDMI, VGA, Windows 10 Pro",/Newest_Dell-Business-Inspiron-Laptop-Intel-Windows/dp/B07MVPRRGN/ref=sr_1_20?keywords=dell+laptop&qid=1564682823&s=gateway&sr=8-20,"584
.",
"Dell ChromeBook 11 -Intel Celeron 2955U, 4GB Ram, 16GB SSD, WebCam, HDMI, (11.6 HD Screen 1366x768) (Renewed)",/Dell-ChromeBook-Celeron-1366x768-Renewed/dp/B0742HZW9B/ref=sr_1_19?keywords=dell+laptop&qid=1564683533&s=gateway&sr=8-19,"104
.",
"Dell Inspiron 15 5000 Laptop Computer: Core i7-8550U, 128GB SSD + 1TB HDD, 8GB RAM, 15.6-inch Full HD Display, Backlit Keyboard, Windows 10",/Dell-Inspiron-5000-Laptop-Computer/dp/B079K6HCQJ/ref=sr_1_20?keywords=dell+laptop&qid=1564683533&s=gateway&sr=8-20,"770
.",
"Dell Inspiron 15 5000 15.6-inch Touchscreen FHD 1080p Premium Laptop, Intel Quad Core i5-8250U Processor, 12GB RAM, 1TB Hard Drive, DVD Writer, Backlit Keyboard, Bluetooth, Silver",/Dell-Inspiron-5000-15-6-inch-Touchscreen/dp/B07L2SCRPC/ref=sr_1_21?keywords=dell+laptop&qid=1564683533&s=gateway&sr=8-21,"589
.",
New Genuine Inspiron 11 13 14 15 Laptop Charger 45W(watt) Slim AC Power Adapter(LA45NM140/0KXTTW/0285K) for Dell Inspiron 3000 5000 7000 Series Charger,/Genuine-Inspiron-Charger-LA45NM140-Dell/dp/B07RLR5PVJ/ref=sr_1_22?keywords=dell+laptop&qid=1564683533&s=gateway&sr=8-22,"25
.",
"2019 Dell Inspiron 15 5000 5570 15.6"" Full HD Touchscreen (1920x1080) Laptop (Intel Quad-Core i5-8250U, 16GB DDR4, 500GB M.2 SSD+1TB HDD) HDMI, 802.11 AC WiFi, Ethernet, Bluetooth, Windows 10 64-bit",/Dell-Inspiron-5000-5570-Laptop/dp/B07N49F51N/ref=sr_1_23?keywords=dell+laptop&qid=1564683533&s=gateway&sr=8-23,"693
.",
Dell 45W Replacement AC Adapter for Dell,/Dell-45W-Replacement-AC-Adapter/dp/B007OYLNGA/ref=sr_1_24?keywords=dell+laptop&qid=1564683533&s=gateway&sr=8-24,"28
.",3.8 out of 5 stars
"BatteryMon 45W 19.5V 2.31A Power Supply Ac Adapter for Dell Inspiron 15 5000 5555 5558 5559 3552, XPS 13 9350 9333 Ultrabook, HK45NM140 LA45NM140 HA45NM140 Laptop Charger",/BatteryMon-Ultrabook-HK45NM140-LA45NM140-HA45NM140/dp/B071WM2FTT/ref=sr_1_25?keywords=dell+laptop&qid=1564683533&s=gateway&sr=8-25,"16
.",4.1 out of 5 stars
Dell Inspiron 45W Laptop Charger Adapter Power Cord for Inspiron 15 3551 3552 3558 3559 5551 5552 5555 5558 5559 5565 5567 5568 5578 7558 7568 7569 7579; Inspiron 17 5755 5758 5759; XPS 11 12 13,/Dell-Inspiron-Laptop-Charger-Adapter/dp/B01M9ISOHV/ref=sr_1_26?keywords=dell+laptop&qid=1564683533&s=gateway&sr=8-26,"23
.",
"Dell i3567-5185BLK-PUS Inspiron, 15.6"" Laptop, (7th Gen Core i5 (up to 3.10 GHz), 8GB, 1TB HDD) Intel HD Graphics 620, Black",/Dell-i3567-5185BLK-PUS-Inspiron-Laptop-Graphics/dp/B06X9TH2RX/ref=sr_1_29?keywords=dell+laptop&qid=1564683533&s=gateway&sr=8-29,"499
.",
"2019 Dell Inspiron 15 5000 15.6"" Full HD Touchscreen Laptop Computer, 8th Gen Intel Quad-Core i7-8550U Up to 4.0GHz, 12GB DDR4, 1TB HDD, 802.11AC WiFi, HDMI, USB 3.0, Windows 10",/Dell-Inspiron-15-Touchscreen-Quad-Core/dp/B07MHGNLCD/ref=sr_1_30?keywords=dell+laptop&qid=1564683533&s=gateway&sr=8-30,"730
.",
"Dell Latitude E6420 14.1-Inch Laptop (Intel Core i5 2.5GHz with 3.2G Turbo Frequency, 4G RAM, 128G SSD, Windows 10 Professional 64-bit) (Renewed)",/Dell-Latitude-14-1-Inch-Professional-Refurbished/dp/B00VKL0I96/ref=sr_1_31?keywords=dell+laptop&qid=1564683533&s=gateway&sr=8-31,"199
.",
"Dell 65W Replacement AC Adapter for E5250, E5440, E5450, E5540, E5550, E6440, E6540, E7240, E7440 (LA65NM130)",/Dell-Replacement-Adapter-E5250-HK65NM130/dp/B01EF2Q97G/ref=sr_1_32?keywords=dell+laptop&qid=1564683533&s=gateway&sr=8-32,"22
.",4.2 out of 5 stars
"Dell G5 15 5590,G5590-5547BLK-PUS,8th Gen Intel Core i5 8300H Proc (Quad-Core, 8MB Cache, up to 4.0GHz w/Turbo Boost),15.6"" FHD,NVIDIA(R) GeForce(R) GTX 1050Ti w/4gb Graphics mem,1TB HDD+128GB SSD",/Dell-G5590-5547BLK-PUS-Quad-Core-GeForce-Graphics/dp/B07RGJ4PRJ/ref=sr_1_33?keywords=dell+laptop&qid=1564683533&s=gateway&sr=8-33,"799
.",
Laptop Notebook Charger for Original Dell Inspiron LA45NM140 HA45NM140 45W 19.5V 2.31A 15-3552 HK45NM140 Adapter Adaptor Power Supply (Power Cord Included),/Original-Dell-LA45NM140-HA45NM140-HK45NM140-Adapter/dp/B01M999CIQ/ref=sr_1_34?keywords=dell+laptop&qid=1564683533&s=gateway&sr=8-34,"21
.",4.2 out of 5 stars
"2018 Flagship Dell Inspiron Laptop, FHD IPS 15.6"" Touchscreen, Intel Quad-Core i5-8250U (Beat i7-7500U), 8GB DDR4, 1TB HDD, DVDRW, Backlit Keyboard, WIFI, Bluetooth, Webcam, Windows 10",/Flagship-Dell-Touchscreen-Quad-Core-Bluetooth/dp/B077YSPHZX/ref=sr_1_35?keywords=dell+laptop&qid=1564683533&s=gateway&sr=8-35,"559
.",
"2017 Dell Latitude E7440 14.1” HD Flagship Ultrabook PC, Intel Core i5-4300U 1.9GHz, 8GB DDR3 RAM, 256GB SSD, Bluetooth, Webcam, Windows 10 Professional (Renewed)",/Dell-E7440-Ultrabook-Professional-Refurbished/dp/B071F49Q2P/ref=sr_1_36?keywords=dell+laptop&qid=1564683533&s=gateway&sr=8-36,"263
.",4.0 out of 5 stars
90W/65W Power Adapter Charger for Dell Latitude 3340 E5430 E5440 E5450 E5530 E5540 E5550 E6220 E6230 E6320 E6330 E6400 E6410 E6420 E6430 E6440 E6500 E6510 E6520 E6530 E6540 E7240 E7250 E7440 E7450,/Power-Adapter-Charger-Latitude-E5430/dp/B07L8C5S6R/ref=sr_1_35?keywords=dell+laptop&qid=1564683537&s=gateway&sr=8-35,"16
.",
"New Dell Original Inspiron Laptop Charger 65W watt 4.5mm tip AC Power Adapter(Power Supply) with Power Cord for Inspiron 13 14 15,3000 5000 7000 Series,5558 5755 3147 7348-2in1 5555 5559,0G6j41 0MGJN",/Dell-Original-Inspiron-Charger-7348-2in1/dp/B07R8M3VY5/ref=sr_1_36?keywords=dell+laptop&qid=1564683537&s=gateway&sr=8-36,"26
.",
"tomtoc 360 Protective Laptop Shoulder Bag for 15.6 Inch Acer Aspire 3/5/7 Laptop, HP Pavilion 15.6, Dell Inspiron 15 3000, 15.6 ASUS ROG Zephyrus and ASUS Lenovo Samsung 15 Inch Notebook",/tomtoc-CornerArmor-Protective-Compatible-Chromebook/dp/B071K4L8KL/ref=sr_1_37?keywords=dell+laptop&qid=1564683537&s=gateway&sr=8-37,"31
.",
"Dell Gaming Laptop - 15"" FHD, 8th Gen Intel Core i7-8750H CPU, 16GB RAM, 256GB SSD+1TB HDD, NVIDIA GeForce GTX 1050TI, Windows 10 Home, Black - G3579-7989BLK-PUS",/Dell-Gaming-Laptop-i7-8750H-G3579-7989BLK-PUS/dp/B07BXG7725/ref=sr_1_38?keywords=dell+laptop&qid=1564683537&s=gateway&sr=8-38,"779
.",
"Dell Inspiron 15 7567 Laptop: Core i5-7300HQ, 256GB SSD, 8GB RAM, GTX 1050Ti, 15.6inch Full HD Display",/Dell-Inspiron-7567-Laptop-i5-7300HQ/dp/B07793DRK9/ref=sr_1_39?keywords=dell+laptop&qid=1564683537&s=gateway&sr=8-39,"749
.",4.1 out of 5 stars
"Dell Inspiron 15 5000 Laptop, 15.6-Inch FHD (1920 X 1080) IPS, Intel i7-8565, Nvidia(R) Geforce(R) MX250 with 2GB Gddr, 8GB DDR4 RAM, 128 GB SSD+1TB HD",/Dell-Inspiron-15-6-Inch-i7-8565-Geforce/dp/B07PZQ9LSN/ref=sr_1_40?keywords=dell+laptop&qid=1564683537&s=gateway&sr=8-40,"797
.",4.0 out of 5 stars
"Dell Inspiron 13.3"" 2 in 1 Full HD IPS Touchscreen Business Laptop/tablet, Intel Quad-Core i7-8550U 16GB DDR4 256GB SSD MaxxAudio Backlit Keyboard 802.11ac Bluetooth HDMI Webcam Win 10",/Dell-Inspiron-Touchscreen-Quad-Core-MaxxAudio/dp/B0798WWF9M/ref=sr_1_41?keywords=dell+laptop&qid=1564683537&s=gateway&sr=8-41,"797
.",
45W 19.5V 2.31A AC Adapter Laptop Charger for Dell Inspiron 14 15-3552 7348 HK45NM140 LA45NM140 Series Dell XPS 11 12 13 Latitude 12 13 14 7202 3379 7350 E5450 Vostro 14 15 3459 3559,/Adapter-Inspiron-HK45NM140-LA45NM140-Latitude/dp/B0776PP8Q2/ref=sr_1_42?keywords=dell+laptop&qid=1564683537&s=gateway&sr=8-42,"12
.",
"Premium Dell Latitude E7440 Ultrabook 14 Inch HD Business Laptop (Intel Core i5-4310U up to 3.0GHz, 8GB DDR3 RAM, 256GB SSD USB, HDMI, Windows 10 Pro) (Renewed)",/Dell-Latitude-Ultrabook-Business-i5-4310U/dp/B07SQK4P2N/ref=sr_1_45?keywords=dell+laptop&qid=1564683537&s=gateway&sr=8-45,"354
.",
"65W Type-C Charger Laptop Power Cord Fit for Dell Latitude 12 5285 5289 5290 7212 7275 7285 7290, XPS 13 9350 9360 9365 9370",/Type-C-Charger-Laptop-Power-Latitude/dp/B07PFD5ZVS/ref=sr_1_46?keywords=dell+laptop&qid=1564683537&s=gateway&sr=8-46,"28
.",
"New Genuine OEM Original Dell 65W 4.5mm Tip Replacement AC adapter for Dell Inspiron 5551, Inspiron 5555, Inspiron 5558, Inspiron 5755, Inspiron 5758, Inspiron 7348, Inspiron 7558.",/Genuine-Original-Replacement-adapter-Inspiron/dp/B0798SCGQJ/ref=sr_1_47?keywords=dell+laptop&qid=1564683537&s=gateway&sr=8-47,"18
.",4.2 out of 5 stars
"Dell Touchscreen 2-in-1 Inspiron 5000 Backlit Keyboard 13.3 inch Full HD Laptop PC, Intel Core i7-8550U Quad-Core, 8GB DDR4, 256GB SSD, WIFI, Media Card Reader, Windows 10",/Dell-Inspiron-Touchscreen-Keyboard-Quad-Core/dp/B077XX31VL/ref=sr_1_48?keywords=dell+laptop&qid=1564683537&s=gateway&sr=8-48,"708
.",
"45W 19.5V 2.31A AC Adapter Laptop Charger Replacement For Dell Inspiron 15-5000 5551 5555 5558 7558 7595,13-7000 7378 7352 7348,11-3000 15-3000 15-7000 13-5000 17-5000 17-7000 Series power supply cord",/Adapter-Charger-Replacement-Inspiron-15-5000/dp/B07JCXJWPL/ref=sr_1_49?keywords=dell+laptop&qid=1564683537&s=gateway&sr=8-49,"16
.",
"Dell Inspiron 2-in-1 Laptop LED-Backlit Touch Display, i7-8565U, 8GB 2666MHz DDR4, 256 GB m.2 PCIe SSD, 14"", Silver, Alexa Built-In (i5482-7069SLV-PUS)",/Dell-Inspiron-LED-Backlit-i7-8565U-i5482-7069SLV-PUS/dp/B07JXTFJVB/ref=sr_1_50?keywords=dell+laptop&qid=1564683537&s=gateway&sr=8-50,"768
.",
"2018 Dell Business Flagship Laptop Notebook 15.6"" HD LED-Backlit Display Intel i5-7200U Processor 8GB DDR4 RAM 256GB SSD DVD-RW HDMI Webcam Bluetooth Windows 10 Pro-Black",/Dell-LED-Backlit-Processor-Bluetooth-Pro-Black/dp/B078JXMS8W/ref=sr_1_51?keywords=dell+laptop&qid=1564683537&s=gateway&sr=8-51,"610
.",
"Dell Inspiron 15 I3567-5949BLK-PUS Laptop (Windows 10, Intel i5-7200U, 15.6"" LED Screen, Storage: 256 GB, RAM: 8 GB) Black",/Dell-Inspiron-i3567-5949BLK-PUS-i5-7200U-Notebook/dp/B07K9Y9NZV/ref=sr_1_52?keywords=dell+laptop&qid=1564683537&s=gateway&sr=8-52,"457
.",3.8 out of 5 stars
Dell Laptop AC Adapter Charger 65 Watt 19.5v 3.34a LA65NS2-01 Compatible with 09RN2C 6TM1C HA65NS5-00 A065R039L 7.4mm Tip,/Dell-LA65NS2-01-Compatible-HA65NS5-00-A065R039L/dp/B00B3BVRHK/ref=sr_1_51?keywords=dell+laptop&qid=1564683541&s=gateway&sr=8-51,"22
.",
"Dell 2018 Newest Business Flagship Inspiron Laptop PC 15.6"" FHD Truelife Display Intel i7-8550U Processor 12GB DDR4 RAM 128GB SSD+1TB HDD Backlit-Keyboard DVD-RW Intel UHD 620 Graphics Windows 10",/Dell-Business-Flagship-Processor-Backlit-Keyboard/dp/B07D6156TT/ref=sr_1_52?keywords=dell+laptop&qid=1564683541&s=gateway&sr=8-52,"730
.",
"Dell Inspiron 5570 15.6in FHD Touchscreen Laptop PC - Intel Core i7-8550U 1.8GHz, 12GB, 1TB HDD, DVDRW, Webcam, Bluetooth, Intel HD 620 Graphics, Windows 10 Home (Renewed)",/Dell-Inspiron-5570-Touchscreen-Laptop/dp/B07FKRFTYW/ref=sr_1_53?keywords=dell+laptop&qid=1564683541&s=gateway&sr=8-53,"528
.",4.2 out of 5 stars
"Dell Inspiron 14 2 In 1 Laptop 14"" HD (1366 X 768) Touchscreen|8th Gen Intel Core i3-8145U Processor| 4GB RAM|128 SSD | Windows 10 | i5481-3595GRY",/Dell-Inspiron-Touchscreen-Processor-i5481-3595GRY/dp/B07P4LFDT7/ref=sr_1_54?keywords=dell+laptop&qid=1564683541&s=gateway&sr=8-54,"431
.",
"Dell Inspiron HD 15.6"" LED-Backlit Display Laptop | Intel Pentium N5000 Quad Core | 4GB DDR4 RAM | 500GB HDD | Webcam | Card Reader | HDMI | USB 3.0 | Windows 10 | MaxxAudio",/Dell-Inspiron-LED-Backlit-Display-MaxxAudio/dp/B07HG1TZ5G/ref=sr_1_55?keywords=dell+laptop&qid=1564683541&s=gateway&sr=8-55,"323
.",
"Dell Inspiron 5000 15.6"" Full HD Touchscreen Laptop, Intel Core i3-8130U up to 3.40GHz, 8GB Memory, 256GB Solid State Drive, Backlit Keyboard, Wireless-AC, Windows 10, Black",/Dell-Inspiron-Touchscreen-i3-8130U-Wireless-AC/dp/B07QTCX37J/ref=sr_1_56?keywords=dell+laptop&qid=1564683541&s=gateway&sr=8-56,"506
.",
Dell Latitude E6420 Laptop - HDMI - i5 2.5ghz - 4GB DDR3 - 320GB - DVD - Windows 10 64bit - (Renewed),/Dell-Latitude-E6420-Laptop-Windows/dp/B01FWKBZP6/ref=sr_1_57?keywords=dell+laptop&qid=1564683541&s=gateway&sr=8-57,"189
.",
"2019 Newest Dell Vostro Flagship Laptop Notebook Computer 15.6"" FHD Display Intel Core i7-7500U Processor 16GB DDR4 RAM 512GB SSD NVIDIA GeForce 940MX Bluetooth HDMI Windows 10 Pro",/Dell-Flagship-Notebook-Processor-Bluetooth/dp/B07PPDQY72/ref=sr_1_58?keywords=dell+laptop&qid=1564683541&s=gateway&sr=8-58,"898
.",
"Dell Latitude E6440 14in Laptop, Core i5-4300M 2.6GHz, 8GB Ram, 256GB SSD, DVDRW, Windows 10 Pro 64bit (Renewed)",/Dell-Latitude-E6440-Certified-Refurbished/dp/B07GCS4YTY/ref=sr_1_61?keywords=dell+laptop&qid=1564683541&s=gateway&sr=8-61,"242
.",4.2 out of 5 stars
"Dell XPS 15 9570-8th Generation Intel Core i7-8750H Processor, 4k Touchscreen display, 16GB DDR4 2666MHz RAM, 512GB SSD, NVIDIA GeForce GTX 1050Ti, Windows 10 Home, Gaming Capable",/Dell-9570-8th-Generation-Processor-Touchscreen/dp/B07N82R4XZ/ref=sr_1_62?keywords=dell+laptop&qid=1564683541&s=gateway&sr=8-62,"1,584
.",
"Dell Inspiron C3181-C871BLK-PUS Laptop (Windows 10, Intel N3060, 11.6"" LCD Screen, Storage: 16 GB, RAM: 4 GB) Black",/Dell-11-6-inch-Chromebook-Intel-N3060/dp/B07HLD2VQH/ref=sr_1_63?keywords=dell+laptop&qid=1564683541&s=gateway&sr=8-63,"156
.",3.9 out of 5 stars
"Dell Inspiron 11.6 Laptop, Dell 11 3000 11.6"" HD Touchscreen 2-in-1 Premium 2019, AMD A9-9420e, 4GB DDR4, 500GB HDD, HDMI BT 4.0 WiFi USB 3.1 HD Webcam MaxxAudio Win 10",/Dell-Inspiron-Touchscreen-A9-9420e-MaxxAudio/dp/B07KZ7L12F/ref=sr_1_64?keywords=dell+laptop&qid=1564683541&s=gateway&sr=8-64,"309
.",
"Dell Inspiron 15 5584 | 8th Gen Intel(R) Core(Tm) i3-8145U Proc(4Mb Cache, up to 3.9 GHz) | 4GB RAM | 256SSD",/Dell-Inspiron-Intel-i3-8145U-256SSD/dp/B07QF6H27W/ref=sr_1_65?keywords=dell+laptop&qid=1564683541&s=gateway&sr=8-65,"499
.",4.1 out of 5 stars
"Newest Dell Inspiron 15 5000 15.6"" Full HD Touchscreen (1920x1080) Premium Business Laptop - 8th Gen Intel Quad-Core i5-8250U, 8GB DDR4, 1TB HDD, HDMI, Wi-Fi AC, Ethernet RJ-45, Windows 10",/Dell-Inspiron-15-Touchscreen-Laptop/dp/B07KWKL25R/ref=sr_1_66?keywords=dell+laptop&qid=1564683541&s=gateway&sr=8-66,"513
.",
"Dell Inspiron 15 5000 Series 15.6"" HD Laptop, Intel Core i7-7500U, 20GB Memory (4GB DRAM + 16GB Intel Optane Memory), 1TB HDD, Windows 10 - Silver - i5570-7987SLV",/Dell-Inspiron-Laptop-i7-7500U-Windows/dp/B07L6VD4XB/ref=sr_1_67?keywords=dell+laptop&qid=1564683541&s=gateway&sr=8-67,"569
.",
"Dell XPS 9370 Laptop, 13.3"" UHD (3840 x 2160) InfinityEdge Touch Display, 8th Gen Intel Core i7-8550U, 8GB RAM, 256 GB SSD, Fingerprint Reader, Windows 10, Rose Gold",/Dell-InfinityEdge-Display-i7-8550U-Fingerprint/dp/B07B9HWG37/ref=sr_1_68?keywords=dell+laptop&qid=1564683541&s=gateway&sr=8-68,"1,069
.",4.2 out of 5 stars
"Dell Inspiron 15 5000 Laptop Computer 2019, 15.6 inch FHD Touchscreen Notebook, Intel Core i3-8130U 2.2Ghz, 8GB DDR4 RAM, 128GB SSD + 1TB HDD, DVD-RW, Backlit Keyboard, Wi-Fi, Webcam, Windows 10",/Dell-Inspiron-Computer-Touchscreen-Notebook/dp/B07T3DDX2C/ref=sr_1_67?keywords=dell+laptop&qid=1564683545&s=gateway&sr=8-67,"499
.",
"Dell Inspiron 15.6"" HD Anti-Glare Laptop PC | AMD Dual-Core A6-9200 Processor | 8GB DDR4 | 128GB SSD | AMD Radeon R4 | DVD-RW | WiFi | HDMI | Bluetooth | Waves MaxxAudio | Windows 10",/Dell-Inspiron-Anti-Glare-Dual-Core-Processor/dp/B07HNVKBJQ/ref=sr_1_68?keywords=dell+laptop&qid=1564683545&s=gateway&sr=8-68,"385
.",
"Dell Inspiron 5000 15"" FHD Anti-Glare, 7th Gen Intel Core i3 Processor, 8GB RAM, 1TB Hard Drive, HD graphics 620, Platinum Silver - i5570-3613SLV-PUS",/Dell-Inspiron-Anti-Glare-Processor-graphics/dp/B07BMYKYJP/ref=sr_1_69?keywords=dell+laptop&qid=1564683545&s=gateway&sr=8-69,"520
.",
"Dell Inspiron 5481 2-in-1 Laptop, 14.0"" HD (1366 x 768) Touchscreen, 8th Gen Intel Core i3-8145U, 4GB DDR4, 128GB Solid State Drive, Windows 10 Home",/Dell-Inspiron-5481-Touchscreen-i3-8145U/dp/B07KY83DPV/ref=sr_1_70?keywords=dell+laptop&qid=1564683545&s=gateway&sr=8-70,"440
.",
"Dell I3565-A453BLK-PUS Laptop (Windows 10 Home, AMD Dual-Core A6-9220, 15.6"" LCD Screen, Storage: 500 GB, RAM: 4 GB) Black",/Dell-I3565-A453BLK-PUS-Windows-Dual-Core-A6-9220/dp/B07BLPHRX9/ref=sr_1_71?keywords=dell+laptop&qid=1564683545&s=gateway&sr=8-71,"272
.",
"2018 Dell Inspiron 17 5000 5770 17.3in Full HD (1920x1080) Laptop - 8th Gen Intel Quad-Core i7-8550U, 16GB DDR4, 2TB HDD, AMD Radeon 530, HDMI, USB 3.1, RJ45, Windows 10 -Silver (Renewed)",/2018-Dell-Inspiron-5770-Laptop/dp/B07L6QM2NX/ref=sr_1_72?keywords=dell+laptop&qid=1564683545&s=gateway&sr=8-72,"769
.",
"2019 New Dell Inspiron 17 PC Laptop: 17.3 Inch FHD(1980x1080) Non-Touch IPS Display, Intel CPU-i3-7020u, 8GB RAM, 1TB HDD, WiFi, Bluetooth, HDMI, Webcam, DVDRW, Windows 10",/2019-Dell-Inspiron-17-Laptop/dp/B07R3H3PL3/ref=sr_1_73?keywords=dell+laptop&qid=1564683545&s=gateway&sr=8-73,"649
.",
"Dell Latitude E7240 12.5in Ultrabook, Intel Core i5-4300U Dual-Core, 128GB Solid State Drive, 8GB DDR3, 802.11n, Win10Pro (Renewed)",/Dell-Latitude-Ultrabook-i5-4300U-Dual-Core/dp/B0746KNZWY/ref=sr_1_74?keywords=dell+laptop&qid=1564683545&s=gateway&sr=8-74,"203
.",
"2019 Dell Inspiron 5570 15.6"" FHD Touchscreen Laptop, Intel Quad Core i7-8550U, 16GB DDR4 Memory, 128GB SSD Boot + 1TB HDD, Backlit Keyboard, DVD-RW, MaxxAudio, WiFi, HDMI, Card Reader, Windows 10",/Dell-Inspiron-Touchscreen-i7-8550U-MaxxAudio/dp/B07QK8K1DF/ref=sr_1_77?keywords=dell+laptop&qid=1564683545&s=gateway&sr=8-77,"839
.",
"Dell Inspiron 17 5000 Series 5770 17.3"" Full HD Laptop - 8th Gen Intel Core i7-8550U Processor up to 4.0 GHz, 16GB Memory, 256GB SSD + 2TB HDD, 4GB AMD Radeon 530 Graphics (Windows 10 Home)",/Dell-Inspiron-17-5000-Laptop/dp/B07BRD86VH/ref=sr_1_78?keywords=dell+laptop&qid=1564683545&s=gateway&sr=8-78,"1,054
.",
"2019 Dell Inspiron 5000 Series 15.6"" FHD Touchscreen LED-Backlit Laptop | Intel Quad Core i7-8550U | 12GB DDR4 RAM | 512GB SSD Boot + 1TB HDD | USB 3.1 | DVD-RW | HDMI | MaxxAudio Pro | Windows 10",/Dell-Inspiron-Touchscreen-LED-Backlit-MaxxAudio/dp/B07SBVTSQ7/ref=sr_1_79?keywords=dell+laptop&qid=1564683545&s=gateway&sr=8-79,"799
.",
"2018 Dell Latitude E7440 14.1” Flagship Business Ultrabook Laptop Computer, Intel Core i7-4600U up to 3.3GHz, 8GB RAM, 256GB SSD, Bluetooth 4.0, HDMI, Windows 10 Professional (Renewed)",/Dell-Latitude-E7440-Professional-Refurbished/dp/B0799HPMFT/ref=sr_1_80?keywords=dell+laptop&qid=1564683545&s=gateway&sr=8-80,"312
.",
"Dell Inspiron 13 5000 2-in-1 - 13.3"" FHD Touch - 8th Gen Intel i5-8250U - 8GB Memory - 256GB SSD - Intel UHD Graphics 620 - Theoretical Gray - i5379-5893GRY-PUS",/Dell-Inspiron-5000-Theoretical-i5379-5893GRY-PUS/dp/B0764LNTCZ/ref=sr_1_81?keywords=dell+laptop&qid=1564683545&s=gateway&sr=8-81,"758
.",
"2019 DELL VOSTRO 5568 15.6” Full HD, Intel Core i7-7500U, 8GB RAM, DDR4, 2400MHz, 256GB SSD, NVIDIA GeForce 940MX 4GB GDDR5, 3165AC Card, Bluetooth 4.2, Windows 10",/5568-i7-7500U-2400MHz-GeForce-Bluetooth/dp/B07PKRRL33/ref=sr_1_82?keywords=dell+laptop&qid=1564683545&s=gateway&sr=8-82,"691
.",
Dell Latitude E6520 Intel i7-2720QM 2.20GHz 8GB RAM 240GB SSD Win 10 Pro Webcam (Renewed),/Dell-E6520-i7-2620m-Certified-Refurbished/dp/B078SH948C/ref=sr_1_83?keywords=dell+laptop&qid=1564683545&s=gateway&sr=8-83,"247
.",
Dell Inspiron 15|AMD Ryzen 5 2500U Mobile Proc W/Radeon Vega 8 Graphics|8Gb|256Gb|15.6-Inch FHD (1920 X 1080),/Dell-Inspiron-Mobile-Graphics-15-6-Inch/dp/B07QD3728H/ref=sr_1_84?keywords=dell+laptop&qid=1564683545&s=gateway&sr=8-84,"576
.",
"Dell Inspiron 11.6"" HD 2-in-1 Touchscreen LED-Backlit Laptop/Tablet, AMD A9-9420e 2.6GHz, 8GB DDR4, 500GB HDD, AMD Radeon R5, Waves MaxxAudio Pro, Webcam, Bluetooth, HDMI, USB 3.1, Windows 10",/Dell-Inspiron-Touchscreen-LED-Backlit-MaxxAudio/dp/B07S8S47KB/ref=sr_1_83?keywords=dell+laptop&qid=1564683548&s=gateway&sr=8-83,"329
.",
"Dell Inspiron 15.6-inch HD Display Laptop PC, Intel Core i3-7130U 2.7GHz Processor, 8GB DDR4, 128GB SSD, Stereo Speakers, WiFi, Bluetooth, MaxxAudio, HDMI, No DVD, Intel HD Graphics 620, Windows 10",/Dell-Inspiron-15-6-inch-Processor-Bluetooth/dp/B07H9L93KW/ref=sr_1_84?keywords=dell+laptop&qid=1564683548&s=gateway&sr=8-84,"374
.",4.2 out of 5 stars
"Dell Latitude E6430 Laptop WEBCAM - HDMI - Intel Core i5 2.6ghz - 8GB DDR3 - 500GB - DVD - Windows 10 Pro 64bit - (Certified Refurbished), Gray",/Dell-Latitude-E6430-Laptop-WEBCAM/dp/B01M31QNF2/ref=sr_1_85?keywords=dell+laptop&qid=1564683548&s=gateway&sr=8-85,"226
.",
"tomtoc 360 Protective Laptop Shoulder Bag for 15.6 Inch Acer Aspire 3/5/7 Laptop, HP Pavilion 15.6, Dell Inspiron 15 3000, 15.6 ASUS ROG Zephyrus and ASUS Lenovo Samsung 15 Inch Notebook",/tomtoc-CornerArmor-Protective-Compatible-Chromebook/dp/B071RQ7M4K/ref=sr_1_86?keywords=dell+laptop&qid=1564683548&s=gateway&sr=8-86,"30
.",
"Dell ChromeBook 11.6 Inch HD (1366 x 768) Laptop NoteBook PC, Intel Celeron N2840, Camera, HDMI, WIFI, USB 3.0, SD Card Reader (Renewed)",/Dell-ChromeBook-NoteBook-Certified-Refurbished/dp/B07781S5L5/ref=sr_1_87?keywords=dell+laptop&qid=1564683548&s=gateway&sr=8-87,"94
.",
"Dell Gaming Laptop G5587-5859BLK-PUS G5 - 15.6"" LED Anti-Glare Display - 8th Gen Intel i5 Processor - 8GB Memory - 128GB SSD+1TB HDD - NVIDIA GeForce GTX 1060 6GB, Licorice",/Dell-Gaming-Laptop-G5587-5859BLK-PUS-Anti-Glare/dp/B07CD3MRZD/ref=sr_1_88?keywords=dell+laptop&qid=1564683548&s=gateway&sr=8-88,"799
.",
"2018 Dell Inspiron 15 5000 15.6-inch Touchscreen FHD 1080p Premium Laptop, Intel Quad Core i5-8250U Processor, 12GB RAM, 1TB Hard Drive, DVD Writer, Backlit Keyboard, Bluetooth, Blue",/Dell-Inspiron-5000-15-6-inch-Touchscreen/dp/B07DMJGV9W/ref=sr_1_89?keywords=dell+laptop&qid=1564683548&s=gateway&sr=8-89,"569
.",
JETech 2.4Ghz Wireless Mobile Optical Mouse with 3 CPI Levels and USB Wireless Receiver (0770),/JETech-2-4Ghz-Wireless-Optical-Receiver/dp/B00M48154Q/ref=sr_1_90?keywords=dell+laptop&qid=1564683548&s=gateway&sr=8-90,"8
.",4.2 out of 5 stars
"DELL Latitude E5450 14in Laptop, Core i5-5300U 2.3GHz, 8GB Ram, 128GB SSD, Windows 10 Pro 64bit (Renewed)",/Latitude-i5-5300U-Windows-Certified-Refurbished/dp/B07HCR4QMM/ref=sr_1_93?keywords=dell+laptop&qid=1564683548&s=gateway&sr=8-93,"234
.",
"2018 Dell Inspiron 15.6"" Full HD IPS Touchscreen Business Laptop, Intel Quad-Core i5-8250U up to 3.4GHz 12GB DDR4 1TB HDD DVDRW MaxxAudio Pro 802.11ac Bluetooth Backlit Keyboard Win 10",/Dell-Touchscreen-Quad-Core-MaxxAudio-Bluetooth/dp/B078F68YJ8/ref=sr_1_94?keywords=dell+laptop&qid=1564683548&s=gateway&sr=8-94,"560
.",
"Dell Latitiude 3340 13.3inch Laptop, Core i3-4005U 1.7GHz, 4GB RAM, 128GB Solid State Drive, Windows 10 Professional (Renewed)",/Dell-Latitiude-3340-i3-4005U-Win10P64/dp/B07K1K6CYW/ref=sr_1_95?keywords=dell+laptop&qid=1564683548&s=gateway&sr=8-95,"197
.",
"Dell LAT E6420 Laptop, Core i5-2520m, 2.5 GHz, 128 SSD, Windows 10 Professional, Black (Renewed)",/Dell-E6420-i5-2520m-Windows-Professional/dp/B01GGNEYPQ/ref=sr_1_96?keywords=dell+laptop&qid=1564683548&s=gateway&sr=8-96,"189
.",
"PC Wizard - Automatic Drivers Recovery Restore Update for Dell Latitude Laptops on DVD Disc - Supports Windows 10, 8.1, 7, Vista, XP (32-bit & 64-bit) - Supports All Hardware Devices",/PC-Wizard-Automatic-Recovery-Latitude/dp/B01M8EZV4T/ref=sr_1_97?keywords=dell+laptop&qid=1564683548&s=gateway&sr=8-97,,
"Dell Latitude E5440 14 Inch Business High Performance Laptop Intel Dual-Core i5-4300U up to 2.9GHz, 8GB RAM, 320GB HDD, Windows 10 Professional (Renewed) (i5-4300U | 8GB)",/Dell-Latitude-E5440-Performance-Professional/dp/B079K1SLYQ/ref=sr_1_98?keywords=dell+laptop&qid=1564683548&s=gateway&sr=8-98,"179
.",
"Dell Inspiron 15 5000 Series 15.6"" Touchscreen Laptop - Intel Core i3 - 1080p, 12GB Memory, 1TB Hard Drive, HDMI Bluetooth MaxxAudio, Windows OS Blue",/Dell-Inspiron-5000-Touchscreen-Laptop/dp/B07R9QTX1K/ref=sr_1_99?keywords=dell+laptop&qid=1564683548&s=gateway&sr=8-99,"489
.",
"Dell Inspiron 11.6"" HD Anti-Glare LED-Backlit Laptop, AMD A6-9220e 1.6GHz up to 2.4GHz, 4GB DDR4, 32GB eMMC, AMD Radeon R4, Webcam, WiFi, Bluetooth, HDMI, Windows 10, Bali Blue",/Dell-Inspiron-Anti-Glare-LED-Backlit-Bluetooth/dp/B07QDXF82F/ref=sr_1_100?keywords=dell+laptop&qid=1564683548&s=gateway&sr=8-100,"219
.",4.0 out of 5 stars
"2019 Newest Dell Inspiron 5570 15.6 Inch Full HD Touchscreen Display Backlit Keyboard Laptop, Intel Quad Core i7-8550U, 16GB DDR4, 128GB SSD (Boot) + 1TB HDD, DVD-RW, WiFi, HDMI, Windows 10 Home",/Dell-Inspiron-Touchscreen-Keyboard-i7-8550U/dp/B07S9VKRJL/ref=sr_1_99?keywords=dell+laptop&qid=1564683552&s=gateway&sr=8-99,"849
.",
"Dell Latitude E7240 12.5in Business Laptop, Intel Core i5-4300U, 8GB DDR3L RAM, 256GB SSD, Windows 10 Professional (Renewed)",/Dell-Latitude-Business-i5-4300U-Professional/dp/B074VCWBH5/ref=sr_1_100?keywords=dell+laptop&qid=1564683552&s=gateway&sr=8-100,"259
.",3.8 out of 5 stars
"2018 Dell Latitude E7240 12.5in HD Laptop Computer, Intel Core i5-4300U up to 3.0GHz, 8GB RAM, 256GB SSD, HDMI, WiFi 802.11ac, USB 3.0, Bluetooth 4.0, Windows 10 Professional (Renewed)",/Dell-Latitude-E7240-Professional-Refurbished/dp/B07B2S88X5/ref=sr_1_101?keywords=dell+laptop&qid=1564683552&s=gateway&sr=8-101,"296
.",
Big Easy Savings v1.3,/Big-Easy-Savings-v1-3/dp/B01DEOIIX4/ref=sr_1_102?keywords=dell+laptop&qid=1564683552&s=gateway&sr=8-102,,
Dell Latitude E6320 Intel Core i5 2520m 2.5GHz 4GB DDR3 Ram 120GB Solid State Drive Windows 10 Professional (Renewed),/Dell-Latitude-Windows-Professional-Renewed/dp/B078N778H7/ref=sr_1_103?keywords=dell+laptop&qid=1564683552&s=gateway&sr=8-103,"184
.",
"Dell Latitude E6430 14.1-Inch Business Laptop PC, Intel Core i5 2.6GHz Processor, 8GB DDR3 RAM, 320GB HDD, DVD, Windows 10 Professional (Renewedd)",/Dell-Latitude-E6430-Professional-Refurbishedd/dp/B01LX4PE0S/ref=sr_1_104?keywords=dell+laptop&qid=1564683552&s=gateway&sr=8-104,"209
.",
"Dell Inspiron 15 Intel Core i3-7130U 8GB 1TB HDD 15.6"" HD LED Win 10 Laptop",/Dell-Inspiron-Intel-i3-7130U-Laptop/dp/B07BV79QTW/ref=sr_1_105?keywords=dell+laptop&qid=1564683552&s=gateway&sr=8-105,"379
.",
Laptop Facts,/VOXOGENIC-TECHNOLOGIES-PVT-LTD-Laptop/dp/B07KFZ8713/ref=sr_1_106?keywords=dell+laptop&qid=1564683552&s=gateway&sr=8-106,,
"Newest Dell Inspiron 11 3000 Flagship 2 in 1 11.6"" HD LED-Backlit Touchscreen Laptop, AMD A9-9420e up to 2.6GHz, 4GB DDR4, 500GB HDD, AMD Radeon R5, Webcam, WiFi, Bluetooth, HDMI, USB 3.1, Windows 10",/Dell-Inspiron-3000-LED-Backlit-Touchscreen/dp/B07RXWBMBL/ref=sr_1_109?keywords=dell+laptop&qid=1564683552&s=gateway&sr=8-109,"279
.",
Dell Latitude E6430 Laptop WEBCAM - HDMI - Intel Core i5 2.6ghz - 8GB DDR3 - 128GB SSD - DVD - Windows 10 Pro 64bit - (Renewed),/Dell-Latitude-E6430-Laptop-WEBCAM/dp/B01M293O5P/ref=sr_1_110?keywords=dell+laptop&qid=1564683552&s=gateway&sr=8-110,"225
.",4.0 out of 5 stars
"Dell 2019 Inspiron 14 i5481 14.0 Inch Touchscreen 2-in-1 Laptop (Intel Core i3-8145U 3.90 GHz, 8GB DDR4 RAM, 256GB SSD, Intel UHD, Bluetooth, Windows 10, Grey) (Renewed)",/Dell-Inspiron-Touchscreen-i3-8145U-Bluetooth/dp/B07T45G1MT/ref=sr_1_111?keywords=dell+laptop&qid=1564683552&s=gateway&sr=8-111,"479
.",
"Dell Inspiron 17 2-in-1 7786-17.3"" FHD Touch - i7-8565U - NVIDIA MX150-16GB - 1TB HDD",/Dell-Inspiron-7786-17-3-FHD-Touch/dp/B07MBSJ7PN/ref=sr_1_112?keywords=dell+laptop&qid=1564683552&s=gateway&sr=8-112,"865
.",
"Dell E5450 14"" HD Laptop, Core i3-5010U 2.1GHz, 8GB RAM, 500GB Hard Drive, Windows 10 Pro 64Bit (Certified Refurbished)",/Dell-i3-5010U-Windows-Certified-Refurbished/dp/B07RZ8M35N/ref=sr_1_113?keywords=dell+laptop&qid=1564683552&s=gateway&sr=8-113,"210
.",
"Dell Latitude 3580, 15.6"" HD Touchscreen (Intel Core i3-6006U, 4GB DDR4, 500GB HDD, Webcam, 802.11AC, Windows 10 Pro) (Renewed)",/Dell-Latitude-3580-Touchscreen-i3-6006U/dp/B07RM2L8FR/ref=sr_1_114?keywords=dell+laptop&qid=1564683552&s=gateway&sr=8-114,"289
.",
"Dell High Performance Business Laptop PC 15.6"" FHD LED-Backlit Display Intel i7-8550U Processor 16GB DDR4 RAM 1TB HDD+128GB SSD DVD-RW HDMI Webcam Bluetooth Windows 10",/Performance-Business-LED-Backlit-Processor-Bluetooth/dp/B07BKSCD4Q/ref=sr_1_115?keywords=dell+laptop&qid=1564683552&s=gateway&sr=8-115,"810
.",3.8 out of 5 stars
"Dell Inspiron 17"" Laptop,i3780-7349BLK-PUS,8th Gen Intel Core i7-8565U Proc (8MB Cache, up to 4.6 GHz),8GB, 1x8GB, DDR4, 2400MHz,2TB 5400 RPM 2.5"" SATA Hard Drive,W10 Home 64,UHD Graphics 620 Shared",/Dell-Inspiron-i3780-7349BLK-PUS-i7-8565U-Graphics/dp/B07QGBJX3S/ref=sr_1_116?keywords=dell+laptop&qid=1564683552&s=gateway&sr=8-116,"683
.",
"Inspiron Laptop, Dell 2019 Flagship 15.6"" Full HD Touchscreen Inspiron 15 5000, Intel Quad-Core i7-8550U, 16GB DDR4, 512GB PCIe SSD, 1TB HDD, 802.11ac Bluetooth 4.2 MaxxAudio Backlit Keyboard Win 10",/Dell-2019-Touchscreen-Quad-Core-Bluetooth-MaxxAudio-Backlit/dp/B07SQP6YPQ/ref=sr_1_115?keywords=dell+laptop&qid=1564683555&s=gateway&sr=8-115,"879
.",
"Dell Latitude E6430 14.1 Inch Business Laptop computer, Intel Dual Core i7-3520M 2.9Ghz Processor, 16GB RAM, 240GB SSD, DVD, Rj-45, HDMI, Windows 10 Professional (Renewed)",/Dell-E6430-Processor-Professional-Refurbished/dp/B06Y1FJNYP/ref=sr_1_116?keywords=dell+laptop&qid=1564683555&s=gateway&sr=8-116,,3.8 out of 5 stars
"Dell Inspiron 11 3000 2-in-1 Premium 2019 Laptop, 11.6"" HD Touchscreen, AMD A9-9420e, 8GB DDR4, 500GBHDD, AMD Radeon R5 HDMI Bluetooth 4.0 802.11bgn USB 3.1 HD Webcam MaxxAudio Win 10",/Dell-Inspiron-Touchscreen-A9-9420e-MaxxAudio/dp/B07KZ8CZCV/ref=sr_1_117?keywords=dell+laptop&qid=1564683555&s=gateway&sr=8-117,"349
.",
"2019 Dell Latitude E5440 14"" HD+ Business Laptop Computer, Intel Dual-Core i5-4310U up to 3.00 GHz, 4GB RAM, 320GB HDD, WiFi 802.11ac, Bluetooth, USB 3.0, HDMI, Windows 10 Professional (Renewed)",/Dell-E5440-Dual-Core-Bluetooth-Professional/dp/B07SJ4H7H1/ref=sr_1_118?keywords=dell+laptop&qid=1564683555&s=gateway&sr=8-118,"249
.",4.0 out of 5 stars
"Dell 2018 Inspiron 15 5000 Touchscreen 15.6 inch Full HD IPS Display Premium Backlit Keyboard Laptop PC, Intel Core i5-8250U Quad-Core, 8GB DDR4, 128GB SSD + 1TB HDD, Bluetooth 4.2, DVD, Windows 10",/Dell-Inspiron-Touchscreen-Quad-Core-Bluetooth/dp/B077SWPMST/ref=sr_1_119?keywords=dell+laptop&qid=1564683555&s=gateway&sr=8-119,"614
.",4.0 out of 5 stars
"Dell Latitude E7450 14in HD High Performance Ultra Book Business Laptop NoteBook (Intel Dual Core i5 5300U, 8GB Ram, 256GB Solid State SSD, Camera, HDMI, WIFI) Win 10 Pro (Renewed)",/Dell-Latitude-E7450-Performance-Refurbished/dp/B076DKFYF9/ref=sr_1_120?keywords=dell+laptop&qid=1564683555&s=gateway&sr=8-120,"268
.",
"Dell i5575-A217SLV-PUS Inspiron 15 5575 - LED-Backlit Display - AMD Ryzen 5 - Radeon Vega8 Graphics - 8GB Memory - 1TB Hard Drive, 15.6"", Platinum Silver",/Dell-i5575-A217SLV-PUS-Inspiron-5575-LED-Backlit/dp/B07BPPS7CK/ref=sr_1_121?keywords=dell+laptop&qid=1564683555&s=gateway&sr=8-121,"404
.",
"2019 Dell Latitude E7250 12.5"" Thin & Light Business Laptop Computer, Intel Core i7-5600U up to 3.2GHz, 8GB RAM, 256GB SSD, 802.11ac WiFi, Bluetooth, USB 3.0, HDMI, Windows 10 Professional (Renewed)",/Dell-Latitude-E7250-Bluetooth-Professional/dp/B07TQ6FLWW/ref=sr_1_122?keywords=dell+laptop&qid=1564683555&s=gateway&sr=8-122,"519
.",
"2019 Dell 15.6"" FHD IPS High Performance Gaming Laptop | Intel Quad-Core i5-8300H | 16GB DDR4 Memory | 512GB SSD +1TB HDD | GeForce GTX 1050 Ti 4GB | Backlit Keyboard | MaxxAudio Pro | Windows 10",/Dell-Performance-Quad-Core-i5-8300H-MaxxAudio/dp/B07NTPVXKV/ref=sr_1_125?keywords=dell+laptop&qid=1564683555&s=gateway&sr=8-125,"898
.",
"Dell XPS 13 - 13.3"" UHD InfinityEdge, 8th Gen Intel Core i7, 16GB RAM, 1TB SSD - Silver - 9370",/Dell-XPS-13-InfinityEdge-Silver/dp/B078MHSGZN/ref=sr_1_126?keywords=dell+laptop&qid=1564683555&s=gateway&sr=8-126,"1,535
.",3.8 out of 5 stars
"Acer Aspire E 15, 15.6"" Full HD, 8th Gen Intel Core i3-8130U, 6GB RAM Memory, 1TB HDD, 8X DVD, E5-576-392H",/Acer-Aspire-i3-8130U-Memory-E5-576-392H/dp/B079TGL2BZ/ref=sr_1_127?keywords=dell+laptop&qid=1564683555&s=gateway&sr=8-127,,
"2018 Dell Inspiron 13 5000 5379 2-IN-1 Laptop - 13.3in TouchScreen FHD (1920x1080), 8th Gen Intel Core i7-8550U, 256GB SSD, 8GB DDR4, Backlit, IR Webcam, Windows 10 (Renewed)",/2018-Dell-Inspiron-5000-Laptop/dp/B07C7NL2L9/ref=sr_1_128?keywords=dell+laptop&qid=1564683555&s=gateway&sr=8-128,"649
.",3.9 out of 5 stars
"Dell Inspiron 15.6-inch HD Touchscreen Laptop PC (2018 Model), Intel i5-7200U 2.5GHz, 8GB RAM, 2TB HDD, DVD +/- RW, Intel HD Graphics 620, MaxxAudio, Bluetooth, HDMI, WiFi, Windows 10",/Dell-15-6-inch-Touchscreen-MaxxAudio-Bluetooth/dp/B0778DVNHH/ref=sr_1_129?keywords=dell+laptop&qid=1564683555&s=gateway&sr=8-129,"508
.",
"2018 Premium Flagship Dell G7 15.6 Inch FHD IPS Gaming Laptop (Intel Core i7-8750H 2.2 GHz up to 4.1 GHz, 16GB DDR4 RAM, 256GB SSD + 1TB HDD, WiFi, 6GB Nvidia GeForce GTX 1060 Max-Q, Windows 10)",/Premium-Flagship-Dell-i7-8750H-GeForce/dp/B07FLPG56B/ref=sr_1_130?keywords=dell+laptop&qid=1564683555&s=gateway&sr=8-130,"1,189
.",
"Samsung Chromebook (Wi-Fi, 11.6-Inch) - Silver (Renewed)",/Samsung-Chromebook-Wi-Fi-11-6-Inch-Refurbished/dp/B00M9K7L8S/ref=sr_1_131?keywords=dell+laptop&qid=1564683555&s=gateway&sr=8-131,"91
.",
"Latest_Dell Inspiron 14.0-inch HD LED-Backlit High Performance Laptop, Intel Celeron Processor, 4GB DDR4 RAM, 32GB eMMC SSD, Wireless+Bluetooth, HDMI, Windows 10",/Latest_Dell-14-0-inch-LED-Backlit-Performance-Processor/dp/B07RMLG29D/ref=sr_1_132?keywords=dell+laptop&qid=1564683555&s=gateway&sr=8-132,"209
.",
"Dell Inspiron 5570 Notebook, 15.6"" HD Display, Intel Dual-Core i7-7500U Upto 3.5GHz, 8GB RAM, 256GB SSD, HDMI, Windows 10 Pro, Customized to Meet Upgraded Specs",/Dell-Inspiron-Notebook-Dual-Core-Customized/dp/B07NHRXMH6/ref=sr_1_131?keywords=dell+laptop&qid=1564683560&s=gateway&sr=8-131,"649
.",
New Genuine Inspiron 11 13 14 15 Laptop Charger 45W(watt) Slim AC Power Adapter(LA45NM140/0KXTTW/0285K) for Dell Inspiron 3000 5000 7000 Series Charger,/Genuine-Inspiron-Charger-LA45NM140-Dell/dp/B07RLR5PVJ/ref=sr_1_132?keywords=dell+laptop&qid=1564683560&s=gateway&sr=8-132,"25
.",
"GARUNK Laptop Cooler Cooling Pad for 13.3-17.3 inch Laptop / PS4 with 4 Quite 125mm Fans at 1500 PRM and Colorful LED, Dual USB 2.0 Ports and Adjustable Mount Stand, Black",/GARUNK-Cooling-13-3-17-3-Colorful-Adjustable/dp/B07JFPDS6T/ref=sr_1_133?keywords=dell+laptop&qid=1564683560&s=gateway&sr=8-133,"23
.",
"2019 Premium Flagship Dell Inspiron 15 3000 15.6 Inch HD Laptop (Intel Core i5-7200U up to 3.1GHz, 8GB DDR4 RAM, 1TB HDD, WiFi, Bluetooth, Windows 10)",/Flagship-Dell-Inspiron-i5-7200U-Bluetooth/dp/B07TKWSR3W/ref=sr_1_134?keywords=dell+laptop&qid=1564683560&s=gateway&sr=8-134,"559
.",
"Dell XPS9570-5632SLV-PUS 15.6"" Traditional Laptop (Silver) 8th Gen i5-8300H Processor-Win 10 Home-8GB Memory-256GB SSD HD-Backlit Keyboard-6 Cell Battery; NVIDIA GeForce GTX 1050 with 4GB GDDR5",/Dell-XPS9570-5632SLV-PUS-Traditional-Processor-Win-Memory-256GB/dp/B07MH94QFB/ref=sr_1_135?keywords=dell+laptop&qid=1564683560&s=gateway&sr=8-135,"1,200
.",4.0 out of 5 stars
"2019 Flagship Dell Inspiron 15.6"" HD Anti-Glare Touchscreen Laptop Computer, Intel Core i5-7200U 2.5GHz up to 3.1GHz, 8GB DDR4, 256GB SSD, Bluetooth, MaxxAudio, HDMI, Webcam, USB 3.0, Windows 10",/Dell-Anti-Glare-Touchscreen-Bluetooth-MaxxAudio/dp/B07KF17PTR/ref=sr_1_136?keywords=dell+laptop&qid=1564683560&s=gateway&sr=8-136,"463
.",
"Top Performance Dell Inspiron 15.6"" Touchscreen Laptop, 7th Intel Core i3-7100U 2.4GHz, 8 GB DDR4 RAM, 1 TB HDD, HDMI, DVD-RW, Bluetooth, HDMI, Web Camera",/Performance-Dell-Inspiron-Touchscreen-Bluetooth/dp/B073X7RX3W/ref=sr_1_137?keywords=dell+laptop&qid=1564683560&s=gateway&sr=8-137,"417
.",
"Compatible With Windows 7 Repair & Recovery Disk 32 & 64 Bit DVD Reinstall Reboot Fix ALL Brands HP, Dell, Asus, Toshiba, etc. Laptop / Desktop Computers [Instructions & Support]",/Windows-Recovery-Reinstall-Computers-Instructions/dp/B07BSWPRJ3/ref=sr_1_138?keywords=dell+laptop&qid=1564683560&s=gateway&sr=8-138,,
"Dell Vostro 5471 14"" Anti-Glare FHD IPS Laptop, Intel Quad-Core i5-8250U 1.6GHz up to 3.4GHz, 8GB DDR4, 256GB SSD, Intel UHD 620, Backlit Keyboard, WiFi, Bluetooth, Webcam, Windows 10 Professional",/Dell-5471-Anti-Glare-Quad-Core-Professional/dp/B07T39Y4TF/ref=sr_1_141?keywords=dell+laptop&qid=1564683560&s=gateway&sr=8-141,"624
.",
"2019 Dell Inspiron 15 5000 15 6"" Laptop Computer, Intel Core i7-7500U Up to 3.5GHz, 8GB DDR4 RAM + 16GB Optane Memory, 1TB HDD, 802.11AC WiFi, Bluetooth 4.1, HDMI, USB 3.1, Silver, Windows 10 Home",/Dell-Inspiron-15-Computer-Bluetooth/dp/B07QZVGZ52/ref=sr_1_142?keywords=dell+laptop&qid=1564683560&s=gateway&sr=8-142,"669
.",
"2018 Dell Latitude E4310 13.3 Inch Laptop Computer with Intel Core i5 2.4 GHz, 4GB DDR3 RAM, 160GB HDD,Windows 10 Home (Renewed)",/Dell-Latitude-E4310-Computer-Windows/dp/B0118AZI3O/ref=sr_1_143?keywords=dell+laptop&qid=1564683560&s=gateway&sr=8-143,"199
.",3.8 out of 5 stars
"Newest Dell Inspiron 5000 FHD 15.6"" Touchscreen Laptop, Intel Dual Core i3-8130U 2.2GHz, 12GB DDR4 RAM, 128GB SSD Boot + 1TB HDD, DVD-RW, Backlit Keyboard, WiFi, HDMI, MaxxAudio, Windows 10, Black",/Dell-Inspiron-Touchscreen-i3-8130U-MaxxAudio/dp/B07SC7L627/ref=sr_1_144?keywords=dell+laptop&qid=1564683560&s=gateway&sr=8-144,"537
.",
"Newest Generation Dell XPS13 9380 Laptop, Intel Core i7-8565U Processor Up to 4.6 GHz, 16GB 2133MHz RAM, 1TB PCIe SSD, 13.3 4K UHD (3840x2160) InfinityEdge Touch Display, Fingerprint Reader",/Generation-Dell-Processor-InfinityEdge-Fingerprint/dp/B07QF6KN82/ref=sr_1_145?keywords=dell+laptop&qid=1564683560&s=gateway&sr=8-145,"1,575
.",
Dell E6540 15.6inch Laptop Intel Core i5-4300M 2.6GHz 8GB Ram 500GB HDD Windows 10 Pro 64bit (Renewed),/Dell-E6540-15-6inch-Certified-Refurbished/dp/B07GCV2SJ9/ref=sr_1_146?keywords=dell+laptop&qid=1564683560&s=gateway&sr=8-146,"268
.",
"Dell Inspiron 15 5000, 15.6"" Full HD Touchscreen 2019 Flagship Dell Laptop, Intel Quad-Core i7-8550U, 16GB DDR4, 256GB PCIe SSD, 1TB HDD, 802.11ac Bluetooth 4.2 MaxxAudio Backlit Keyboard Win 10",/Dell-Inspiron-Touchscreen-Dell-Quad-Core-MaxxAudio-Backlit/dp/B07SQP4WSN/ref=sr_1_147?keywords=dell+laptop&qid=1564683560&s=gateway&sr=8-147,"799
.",
"Dell Vostro 3481 14"" HD Notebook, Intel Dual-Core i3-7020U 2.3GHz, 8GB RAM, 256GB SSD, HDMI, VGA, Card Reader, Wi-Fi, Bluetooth, Windows 10 Pro (8GB RAM | 256GB SSD | Windows 10 Pro)",/Dell-Notebook-Dual-Core-i3-7020U-Bluetooth/dp/B07TJZLQ3M/ref=sr_1_148?keywords=dell+laptop&qid=1564683560&s=gateway&sr=8-148,,4.0 out of 5 stars
"Dell Inspiron 15.6"" HD LED Display Laptop | Intel Pentium Quad Core N5000 up to 2.7Ghz | 8GB DDR4 RAM | 1TB HDD | USB 3.0 | HDMI | WiFi | Bluetooth | MaxxAudio Stereo Speakers | Webcam | Windows 10",/Dell-Inspiron-Backlight-Display-Pentium/dp/B07HMY27M9/ref=sr_1_147?keywords=dell+laptop&qid=1564683564&s=gateway&sr=8-147,"458
.",
"2019 Newest Dell 11.6"" HD Laptop Notebook Computer, 7th Gen AMD A6-9220e, 4GB RAM, Total 64G Storage (32GB EMMC+32G Micro SD) HDMI, WiFi, Bluetooth, MaxxAudio, Win 10",/Dell-Notebook-Computer-Bluetooth-MaxxAudio/dp/B07Q3NRGTW/ref=sr_1_148?keywords=dell+laptop&qid=1564683564&s=gateway&sr=8-148,"199
.",
"Dell 2019 Inspiron 15 3000 i3576 15.6 Inch HD Laptop (Intel Core i3-8130U 3.40 GHz, 8GB DDR4 RAM, 1TB HDD, Bluetooth, WiFi, Windows 10, Black) (Renewed)",/Dell-Inspiron-i3-8130U-Bluetooth-Windows/dp/B07T33G4NT/ref=sr_1_149?keywords=dell+laptop&qid=1564683564&s=gateway&sr=8-149,"389
.",
"Dell Inspiron 13.3"" 2 in 1 Full HD IPS Touchscreen Business Laptop/tablet, Intel Quad-Core i7-8550U 16GB DDR4 256GB SSD MaxxAudio Backlit Keyboard 802.11ac Bluetooth HDMI Webcam Win 10",/Dell-Inspiron-Touchscreen-Quad-Core-MaxxAudio/dp/B0798WWF9M/ref=sr_1_150?keywords=dell+laptop&qid=1564683564&s=gateway&sr=8-150,"797
.",
FD® - Laptop Computers in Usa,/FD-Laptop-Computers-in-Usa/dp/B01LZRJDYJ/ref=sr_1_151?keywords=dell+laptop&qid=1564683564&s=gateway&sr=8-151,,
"2019 Dell XPS 9370 13.3"" 4K UHD Multitouch Premium Thin & Light Laptop, Intel Quad Core i7-8550U Upto 4.0GHz, 8GB RAM, 256GB SSD, Backlit Keyboard, Thunderbolt3, Windows 10, Silver with Black Palmrest",/Dell-Multitouch-i7-8550U-Keyboard-Thunderbolt3/dp/B07TK6XPM9/ref=sr_1_152?keywords=dell+laptop&qid=1564683564&s=gateway&sr=8-152,"1,159
.",
"Dell 2018 Newest Business Flagship Inspiron Laptop PC 15.6"" FHD Truelife Display Intel i7-8550U Processor 12GB DDR4 RAM 128GB SSD+1TB HDD Backlit-Keyboard DVD-RW Intel UHD 620 Graphics Windows 10",/Dell-Business-Flagship-Processor-Backlit-Keyboard/dp/B07D6156TT/ref=sr_1_153?keywords=dell+laptop&qid=1564683564&s=gateway&sr=8-153,"730
.",
"Dell G5 15 5590,G5590-5547BLK-PUS,8th Gen Intel Core i5 8300H Proc (Quad-Core, 8MB Cache, up to 4.0GHz w/Turbo Boost),15.6"" FHD,NVIDIA(R) GeForce(R) GTX 1050Ti w/4gb Graphics mem,1TB HDD+128GB SSD",/Dell-G5590-5547BLK-PUS-Quad-Core-GeForce-Graphics/dp/B07RGJ4PRJ/ref=sr_1_154?keywords=dell+laptop&qid=1564683564&s=gateway&sr=8-154,"799
.",
"Dell Inspiron 3000 Series 15.6 inch Touchscreen 2019 Laptop Notebook Computer, Intel Core i5-7200U 2.5Ghz, 16GB DDR4 RAM, 256GB SSD + 1TB HDD, Wi-Fi, HDMI, Webcam, Bluetooth, USB 3.0, Windows 10",/Dell-Inspiron-Touchscreen-Notebook-Bluetooth/dp/B07T7LC2WQ/ref=sr_1_157?keywords=dell+laptop&qid=1564683564&s=gateway&sr=8-157,"789
.",
"Dell Inspiron 15.6"" Display Laptop PC Intel i5-7200U Processor 256GB SSD DVD-RW HDMI 802.11ac Webcam Bluetooth Windows 10-Gray (8GB RAM | 256GB SSD)",/Dell-Inspiron-i5-7200U-Processor-Bluetooth/dp/B072N4D64S/ref=sr_1_158?keywords=dell+laptop&qid=1564683564&s=gateway&sr=8-158,"504
.",3.9 out of 5 stars
"Dell Latitude E5440 Laptop Notebook i7-4600U 2.1GHz, 16GB RAM, 500GB SSD, Windows 10 Pro (Renewed)",/Dell-Latitude-Notebook-i7-4600U-Windows/dp/B07R74YZMN/ref=sr_1_159?keywords=dell+laptop&qid=1564683564&s=gateway&sr=8-159,"469
.",
"2018 Newest Dell Inspiron High Performance 15.6"" HD Laptop, Intel Core i3-7130U 2.7GHz, 8GB DDR4 RAM, 1TB HDD, HDMI, MaxxAudio, Webcam, Bluetooth, Win 10 Home",/Dell-Inspiron-Performance-MaxxAudio-Bluetooth/dp/B07HHDXW8T/ref=sr_1_160?keywords=dell+laptop&qid=1564683564&s=gateway&sr=8-160,"373
.",
"Dell G3 Gaming Laptop 15.6"" Full HD, Intel Ci7-8750H, 4GB Nvidia GeForce GTX 1050 Ti, 8GB RAM, 16GB Intel Optane + 1TB HDD,",/Dell-Gaming-Laptop-Ci7-8750H-GeForce/dp/B07GRL3B36/ref=sr_1_161?keywords=dell+laptop&qid=1564683564&s=gateway&sr=8-161,"738
.",
Dell Inspiron 15 3567 Series – 15” LED-Backlit Display - 7th Gen Intel Core i3 Proc - 4GB Mem – 128GB SSD - Intel HD Graphics 620,/Dell-Inspiron-15-3567-LED-Backlit/dp/B07BPQJ9GN/ref=sr_1_162?keywords=dell+laptop&qid=1564683564&s=gateway&sr=8-162,"399
.",
"Dell Inspiron 5000 Premium FHD IPS 15.6"" Touchscreen Laptop PC, Intel Quad-Core i5-8250U (Beat i7-7500U), 8GB DDR4, 1TB HDD, Backlit Keyboard, HDMI, MaxxAudio, Bluetooth, Webcam, Windows 10",/Dell-Inspiron-5000-Touchscreen-Quad-Core/dp/B07PLM48NL/ref=sr_1_163?keywords=dell+laptop&qid=1564683564&s=gateway&sr=8-163,"548
.",
Dell Latitude E6430 14in Notebook PC - Intel Core i5-3320 2.6GHz 8GB 320gb SATA Windows 10 Professional (Renewed),/Dell-Latitude-E6430-Notebook-Professional/dp/B01GI6EX4I/ref=sr_1_164?keywords=dell+laptop&qid=1564683564&s=gateway&sr=8-164,"194
.",
"Dell G5587-7866BLK-PUS G5 15 5587 Gaming Laptop 15.6"" LED Display, 8th Gen Intel i7 Processor, 16GB Memory, 128GB SSD+1TB HDD, NVIDIA GeForce GTX 1050Ti, Licorice Black",/Dell-G5587-7866BLK-PUS-Display-Processor-Licorice/dp/B07CD3MRZF/ref=sr_1_163?keywords=dell+laptop&qid=1564683568&s=gateway&sr=8-163,"1,038
.",4.2 out of 5 stars
"Newest Dell Inspiron 15.6 inch HD Flagship High Performance Laptop PC, AMD A6-9200 Dual-Core, 4GB RAM, 128GB SSD, DVD +/-RW, HDMI, SD Reader, MaxxAudio, WIFI, Bluetooth, Windows 10 Home, Black",/Dell-Performance-Dual-Core-MaxxAudio-Bluetooth/dp/B07BRNSNC9/ref=sr_1_164?keywords=dell+laptop&qid=1564683568&s=gateway&sr=8-164,"285
.",
"2019_Dell Inspiron Laptop, 15.6"" HD Hnti-Glare Screen, AMD A9 Processor, 8GB RAM, 256GB SSD, DVD R/W, HDMI, Webcam, Numeric Keyboard, Windows 10",/2019_Dell-Inspiron-Hnti-Glare-Processor-Keyboard/dp/B07PBGYLBP/ref=sr_1_165?keywords=dell+laptop&qid=1564683568&s=gateway&sr=8-165,"429
.",
Dell Inspiron 15 5000 Series Touchscreen Laptop - Intel Core i3-8130U Processor 2.2GHz 12GB DDR4 1TB,/Dell-Inspiron-5000-Touchscreen-Laptop/dp/B07FFJFP2M/ref=sr_1_166?keywords=dell+laptop&qid=1564683568&s=gateway&sr=8-166,"412
.",
"2018 Dell Inspiron 15 5000 Flagship 15.6inch Full HD 2-in-1 Touchscreen Laptop: Core i5-8250U, 8GB RAM, 1TB Hard Drive, 15.6inch Full HD Touch Display, Backlit Keyboard, Wifi, Bluetooth, Windows 10",/Dell-Inspiron-Flagship-15-6inch-Touchscreen/dp/B07C35VR1R/ref=sr_1_167?keywords=dell+laptop&qid=1564683568&s=gateway&sr=8-167,"569
.",
Computer Facts,/Reeju-Barman-Computer-Facts/dp/B07JZCFK1Q/ref=sr_1_168?keywords=dell+laptop&qid=1564683568&s=gateway&sr=8-168,,
"Premium Flagship 2019 Dell Inspiron 15 5000 15.6 inch FHD Touchscreen Laptop Intel Quad-Core i7-8550U 32GB DDR4 512GB SSD 1TB HDD, HDMI 802.11ac Bluetooth 4.2 DVD Backlit Keyboard MaxxAudio Win 10",/Dell-Touchscreen-Quad-Core-Bluetooth-MaxxAudio/dp/B07SC18TTC/ref=sr_1_169?keywords=dell+laptop&qid=1564683568&s=gateway&sr=8-169,"1,158
.",
"2018 Dell XPS 9570 Laptop, 15.6"" UHD (3840 x 2160) InfinityEdge Touch Display, 8th Gen Intel Core i7-8750H, 32GB RAM, 1TB SSD, GeForce GTX 1050Ti, Fingerprint Reader, Windows 10 Home, Silver",/Dell-InfinityEdge-Display-i7-8750H-Fingerprint/dp/B07DKW14Q6/ref=sr_1_170?keywords=dell+laptop&qid=1564683568&s=gateway&sr=8-170,"1,992
.",
Dell Professional Briefcase 15,/Dell-NJ7W7-Professional-Briefcase-15/dp/B01MSZGLYI/ref=sr_1_173?keywords=dell+laptop&qid=1564683568&s=gateway&sr=8-173,"30
.",
"Dell 2019 Inspiron 14 i5481 14.0 Inch Touchscreen 2-in-1 Laptop (Intel Core i3-8145U 3.90 GHz, 4GB DDR4 RAM, 128GB SSD, Intel UHD, Bluetooth, Windows 10, Grey) (Renewed)",/Dell-Inspiron-Touchscreen-i3-8145U-Bluetooth/dp/B07T45L19J/ref=sr_1_174?keywords=dell+laptop&qid=1564683568&s=gateway&sr=8-174,"399
.",
"Dell Inspiron 15 5584 Laptop, 15.6"" Screen, Intel Core i5, 8GB Memory, 256GB Solid State Drive, Windows 10 Home, I5584-5868SLV-PUS",/Dell-Inspiron-Laptop-Windows-I5584-5868SLV-PUS/dp/B07RC986LT/ref=sr_1_175?keywords=dell+laptop&qid=1564683568&s=gateway&sr=8-175,"599
.",
"2019 Newest Dell Vostro 5000 15.6"" FHD Laptop | GeForce Graphics i7-8565U Processor | NVIDIA GeForce MX130 | 16GB DDR4 | 512GB SSD | HDMI | Wi-Fi | Bluetooth | W10 Pro | Gray",/Dell-Graphics-i7-8565U-Processor-Bluetooth/dp/B07VM4P5Z5/ref=sr_1_177?keywords=dell+laptop&qid=1564683568&s=gateway&sr=8-177,"849
.",
"Dell Latitude E5430 14.1 Inch Business High Performace Laptop (Intel Core i5-3320M up to 3.3GHz, 4GB RAM, 320GB HDD, WiFi, DVDRW, Windows 10 Professional) (Renewedd)",/Dell-Latitude-E5430-Professional-Refurbishedd/dp/B06XNP29BR/ref=sr_1_178?keywords=dell+laptop&qid=1564683568&s=gateway&sr=8-178,"179
.",
"2018 Dell Latitude E5440 14in HD Business Laptop Computer, Intel Core i7-4600U up to 3.3GHz, 8GB RAM, 320GB HDD, NVDIA GeForce GT 720M, AC WiFi, BT, HDMI, Windows 7 Professional (Renewed)",/Dell-Latitude-Professional-Certified-Refurbished/dp/B07GYL16NH/ref=sr_1_179?keywords=dell+laptop&qid=1564683568&s=gateway&sr=8-179,"299
.",
Dell Latitude E7470 Touchscreen Ultrabook - Intel Core i7-6600U 2.6GHz 16GB 512GB SSD Windows 10 Pro (Renewed),/Dell-Latitude-E7470-Touchscreen-Ultrabook/dp/B07L1253JN/ref=sr_1_180?keywords=dell+laptop&qid=1564683568&s=gateway&sr=8-180,"667
.",
"2018 Flagship Dell Inspiron 15 FHD IPS TouchScreen 2-in-1 Convertible Laptop (Intel Core i7-8550U Processor, 16GB RAM, 512GB SSD, Backlit Keyboard,Intel HD, Wifi, Bluetooth, HDMI, Windows 10)",/Dell-TouchScreen-Convertible-Processor-Bluetooth/dp/B07826TC8C/ref=sr_1_179?keywords=dell+laptop&qid=1564683572&s=gateway&sr=8-179,"852
.",
"Dell 2019 Inspiron 15 6"" HD Touchscreen Business Laptop Computer, 7th Gen Intel Core i5-7200U Up to 3.1GHz, 8GB DDR4 RAM, 512GB SSD, HDMI, USB 3.0, Bluetooth, WiFi, Windows 10 Home",/Dell-Inspiron-15-Touchscreen-Bluetooth/dp/B01DSROP4S/ref=sr_1_180?keywords=dell+laptop&qid=1564683572&s=gateway&sr=8-180,"598
.",
"Dell 2019 Vostro 15 3000 15.6"" FHD Business Flagship Laptop Computer, Intel Core i5-7200U Up to 3.1GHz, 8GB DDR4 RAM, 512GB SSD, 802.11AC WiFi, Bluetooth 4.2, HDMI, USB 3.0, Windows 10 Professional",/Dell-LED-Backlit-Business-Bluetooth-Professional/dp/B018Q00YTC/ref=sr_1_181?keywords=dell+laptop&qid=1564683572&s=gateway&sr=8-181,"673
.",
"Dell Latitude E6420 Flagship 14.1-Inch Business High Performance Laptop (Intel Core i5 up to 3.2GHz, 8GB RAM, 128GB SSD, DVD, Wifi, Windows 10 Professional 64-bit) (Certified Refurbished)",/Dell-Latitude-Performance-Professional-Refurbished/dp/B071RY4PJF/ref=sr_1_182?keywords=dell+laptop&qid=1564683572&s=gateway&sr=8-182,"234
.",
"2018 Dell New Inspiron 15 5000 15.6"" 2-in-1 FHD Touchscreen Laptop Computer, Intel Core i5-8250U up to 3.4GHz, 8GB DDR4, 256GB SSD, Intel UHD Graphics 620, USB 3.1, Webcam, Bluetooth, HDMI, Windows 10",/Dell-Inspiron-Touchscreen-Computer-Bluetooth/dp/B07FM1T42H/ref=sr_1_183?keywords=dell+laptop&qid=1564683572&s=gateway&sr=8-183,"647
.",
"Flagship Dell Inspiron 15.6in Full HD Laptop, Intel Quad-Core i7-8550U 8G DDR4 128GB SSD+1TB HDD MaxxAudio Backlit Keyboard 802.11ac HDMI Bluetooth 4.1 Webcam USB 3.1 Windows 10 (Renewed)",/Dell-Inspiron-Quad-Core-MaxxAudio-Bluetooth/dp/B07P8N8ZDD/ref=sr_1_184?keywords=dell+laptop&qid=1564683572&s=gateway&sr=8-184,"549
.",
"2019 Dell Inspiron 15 5000 15.6"" Full HD Touchscreen Laptop Computer, 8th Gen Intel Quad-Core i7-8550U Up to 4.0GHz, 12GB DDR4, 1TB HDD, 802.11AC WiFi, HDMI, USB 3.0, Windows 10",/Dell-Inspiron-15-Touchscreen-Quad-Core/dp/B07MHGNLCD/ref=sr_1_185?keywords=dell+laptop&qid=1564683572&s=gateway&sr=8-185,"730
.",
"Dell G5 Gaming Notebook Computer 15.6″, Intel Core i7-8750H, Nvidia Geforce GTX 1050Ti 4GB, 8GB RAM, 1TB + 128GB SSD Storage, G5587-7037RED-PUS",/Dell-Notebook-Computer-i7-8750H-G5587-7037RED-PUS/dp/B07GFLBNYD/ref=sr_1_186?keywords=dell+laptop&qid=1564683572&s=gateway&sr=8-186,"919
.",
"Dell Vulcan 17 G7790-7662GRY-PUS Gaming Laptop (Windows 10 Home, 9th Gen Intel Core i7-9750H, 17.3"" LCD Screen, Storage: 512 GB, RAM: 16 GB) Grey",/Dell-G7790-7662GRY-PUS-Windows-i7-9750H-Storage/dp/B07RCP7ZV8/ref=sr_1_189?keywords=dell+laptop&qid=1564683572&s=gateway&sr=8-189,"1,299
.",
"Dell G5587 G5 15 5587 Laptop: Core i5-8300H Processor, 16GB RAM, NVidia GTX 1060, 256GB SSD+1TB HDD, 15.6"" Full HD (Red)",/Dell-G5587-5587-Laptop-Processor/dp/B07H9H44M6/ref=sr_1_190?keywords=dell+laptop&qid=1564683572&s=gateway&sr=8-190,"839
.",
"2019 Dell Vostro Business Flagship Laptop Notebook Computer 15.6"" Full HD LED-Backlit Display Intel Core i5-7200U Processor 8GB DDR4 RAM 256GB Solid State Drive HDMI Bluetooth 4.2 Windows 10 Pro",/Dell-Business-LED-Backlit-Processor-Bluetooth/dp/B07MZ8Z8MX/ref=sr_1_191?keywords=dell+laptop&qid=1564683572&s=gateway&sr=8-191,"578
.",
"Newest_Dell_Inspiron 15.6“ HD 3000 Business Laptop PC Computer with Intel Celeron N4000 Processor, 4GB RAM, 500GB HD, Webcam, DVD R/W, HDMI, Bluetooth, Windows 10 Pro, Black",/Newest_Dell_Inspiron-Business-Computer-Processor-Bluetooth/dp/B07L2T9Y5V/ref=sr_1_192?keywords=dell+laptop&qid=1564683572&s=gateway&sr=8-192,"310
.",
"Dell Latitude E6440 14? Flagship Business Laptop, Intel Core i5 Processor, 8GB DDR3 RAM, 500GB HDD, DVD+/-RW, Windows 10 Professional (Renewed)",/Dell-Latitude-E6440-Processor-Professional/dp/B074SJ7SZW/ref=sr_1_193?keywords=dell+laptop&qid=1564683572&s=gateway&sr=8-193,"210
.",4.1 out of 5 stars
Dell USB 3.0 Ultra HD/4K Triple Display Docking Station (D3100),/Dell-Display-Docking-Station-D3100/dp/B00O0M46KO/ref=sr_1_194?keywords=dell+laptop&qid=1564683572&s=gateway&sr=8-194,"117
.",
"2019 Dell XPS 9370 13.3"" 4K UHD Multitouch Premium Thin & Light Laptop, Intel Quad Core i7-8550U Upto 4.0GHz, 8GB RAM, 256GB SSD, Backlit Keyboard, Thunderbolt3, Windows 10, Silver with Black Palmrest",/Dell-Multitouch-i7-8550U-Keyboard-Thunderbolt3/dp/B07TK6XPM9/ref=sr_1_195?keywords=dell+laptop&qid=1564683572&s=gateway&sr=8-195,"1,159
.",
"2018 Flagship Dell Inspiron 3000 15.6"" Full HD Anti-Glare Laptop - Intel Core i5-7200U 2.5GHz, 8GB DDR4, 256G SSD, DVDRW, Bluetooth, WLAN, MaxxAudio, HDMI, Webcam, 3-in-1 Card Reader, USB 3.1, Win 10",/Flagship-Dell-Inspiron-Anti-Glare-Laptop/dp/B07G9NY5B9/ref=sr_1_196?keywords=dell+laptop&qid=1564683572&s=gateway&sr=8-196,"478
.",4.0 out of 5 stars
"2019 Dell Latitude E5450 14"" Business Laptop Computer, Intel Core i5-5300U up to 2.9GHz, 8GB RAM, 256GB SSD, 802.11ac WiFi, Bluetooth, USB 3.0, HDMI, Windows 10 Professsional (Renewed)",/Dell-Latitude-E5450-Bluetooth-Professsional/dp/B07SGPYQVS/ref=sr_1_195?keywords=dell+laptop&qid=1564683575&s=gateway&sr=8-195,"389
.",
"Dell XPS 15 9570 15.6"" Touchscreen InfinityEdge 4K Ultra HD Laptop - 8th Gen Intel Core i7-8750H Processor up to 4.10 GHz, 32GB Memory, 1TB SSD, 4GB NVIDIA GeForce GTX 1050 Ti, Windows 10 Home, Silver",/Dell-9570-Touchscreen-InfinityEdge-Laptop/dp/B07HCNQLDN/ref=sr_1_196?keywords=dell+laptop&qid=1564683575&s=gateway&sr=8-196,"1,895
.",
"2018 Flagship Dell Inspiron 11.6"" HD Chromebook, Intel Dual-Core Celeron N3060 up to 2.48GHz, 4GB RAM 16GB SSD HDMI USB Bluetooth 802.11ac HD Webcam Chrome OS",/Flagship-Dell-HD-Chromebook-Dual-Core-Bluetooth-802-11ac/dp/B07J4TVF7D/ref=sr_1_197?keywords=dell+laptop&qid=1564683575&s=gateway&sr=8-197,"159
.",4.1 out of 5 stars
"Dell Inspiron 3000 Series with DVD, 15.6 inch Touchscreen 2019 Laptop Notebook Computer, Intel Core i5-7200U 2.5Ghz, 12GB DDR4 RAM, 512GB SSD, Wi-Fi, HDMI, Webcam, Bluetooth, USB 3.0, Windows 10",/Dell-Inspiron-Touchscreen-Notebook-Bluetooth/dp/B07T81KWT5/ref=sr_1_198?keywords=dell+laptop&qid=1564683575&s=gateway&sr=8-198,"679
.",
"Dell Latitude E5420 Laptop, HDMI, Intel Core i3 2.1GHz, 4GB DDR3, 160GB SATA HDD, DVDRW, Windows 10 Home 64bit w/ Restore Partition (Renewed)",/Dell-Latitude-E5420-Windows-Partition/dp/B07KM1CXH6/ref=sr_1_199?keywords=dell+laptop&qid=1564683575&s=gateway&sr=8-199,"189
.",
"Newest Dell Inspiron 15.6"" FHD Touchscreen Flagship Laptop | Intel Quad Core i5-8250U (Beat i7-7500U) | 12GB DDR4 Memory | 512GB SSD | 802.11ac | USB 3.1 | HDMI | Bluetooth | Windows 10 Home",/Dell-Inspiron-Touchscreen-Flagship-Bluetooth/dp/B07QGZKZDN/ref=sr_1_200?keywords=dell+laptop&qid=1564683575&s=gateway&sr=8-200,"699
.",
"Dell Inspiron 15 5000, Inspiron 15.6"" FHD Touchscreen 2019 Flagship Dell Laptop Computer, i5-8250U Intel Quad-Core, 8GB DDR4, 16GB Optane SSD, 1TB HDD, BT 4.2 WiFi Backlit Keyboard MaxxAudio Win 10",/Dell-Inspiron-15-Inspiron-15-6-Touchscreen-Quad-Core/dp/B07S91FPDM/ref=sr_1_201?keywords=dell+laptop&qid=1564683575&s=gateway&sr=8-201,"599
.",
"2019 Premium Flagship Dell Inspiron 15 5000 15.6 Inch FHD Touchscreen Laptop (AMD Ryzen 5 2500U up to 3.6GHz (>i7-7500U), 16GB RAM, 256GB SSD, AMD Radeo Vega 8, Backlit Keyboard, WiFi, Windows 10)",/Flagship-Dell-Inspiron-Touchscreen-i7-7500U/dp/B07SWTQBQX/ref=sr_1_202?keywords=dell+laptop&qid=1564683575&s=gateway&sr=8-202,"631
.",
Wireless Mouse with USB Receive for Dell Microsoft PC Computer Laptop,/Wireless-Receive-Microsoft-Computer-Laptop/dp/B07P2WCZWD/ref=sr_1_205?keywords=dell+laptop&qid=1564683575&s=gateway&sr=8-205,"18
.",
